AL,Autauga,01,001
AL,Baldwin,01,003
AL,Barbour,01,005
AL,Bibb,01,007
AL,Blount,01,009
AL,Bullock,01,011
AL,Butler,01,013
AL,Calhoun,01,015
AL,Chambers,01,017
AL,Cherokee,01,019
AL,Chilton,01,021
AL,Choctaw,01,023
AL,Clarke,01,025
AL,Clay,01,027
AL,Cleburne,01,029
AL,Coffee,01,031
AL,Colbert,01,033
AL,Conecuh,01,035
AL,Coosa,01,037
AL,Covington,01,039
AL,Crenshaw,01,041
AL,Cullman,01,043
AL,Dale,01,045
AL,Dallas,01,047
AL,De Kalb,01,049
AL,Elmore,01,051
AL,Escambia,01,053
AL,Etowah,01,055
AL,Fayette,01,057
AL,Franklin,01,059
AL,Geneva,01,061
AL,Greene,01,063
AL,Hale,01,065
AL,Henry,01,067
AL,Houston,01,069
AL,Jackson,01,071
AL,Jefferson,01,073
AL,Lamar,01,075
AL,Lauderdale,01,077
AL,Lawrence,01,079
AL,Lee,01,081
AL,Limestone,01,083
AL,Lowndes,01,085
AL,Macon,01,087
AL,Madison,01,089
AL,Marengo,01,091
AL,Marion,01,093
AL,Marshall,01,095
AL,Mobile,01,097
AL,Monroe,01,099
AL,Montgomery,01,101
AL,Morgan,01,103
AL,Perry,01,105
AL,Pickens,01,107
AL,Pike,01,109
AL,Randolph,01,111
AL,Russell,01,113
AL,St Clair,01,115
AL,Shelby,01,117
AL,Sumter,01,119
AL,Talladega,01,121
AL,Tallapoosa,01,123
AL,Tuscaloosa,01,125
AL,Walker,01,127
AL,WA,01,129
AL,Wilcox,01,131
AL,Winston,01,133
AK,Aleutians East,02,013
AK,Aleutians West,02,016
AK,Anchorage,02,020
AK,Bethel,02,050
AK,Bristol Bay,02,060
AK,Denali,02,068
AK,Dillingham,02,070
AK,Fairbanks North Star,02,090
AK,Haines,02,100
AK,Juneau,02,110
AK,Kenai Peninsula,02,122
AK,Ketchikan Gateway,02,130
AK,Kodiak Island,02,150
AK,Lake and Peninsula,02,164
AK,Matanuska Susitna,02,170
AK,Nome,02,180
AK,North Slope,02,185
AK,Northwest Arctic,02,188
AK,Prince Wales Ketchikan,02,201
AK,Sitka,02,220
AK,Skagway Hoonah Angoon,02,232
AK,Southeast Fairbanks,02,240
AK,Valdez Cordova,02,261
AK,Wade Hampton,02,270
AK,Wrangell Petersburg,02,280
AK,Yakutat,02,282
AK,Yukon Koyukuk,02,290
AZ,Apache,04,001
AZ,Cochise,04,003
AZ,Coconino,04,005
AZ,Gila,04,007
AZ,Graham,04,009
AZ,Greenlee,04,011
AZ,La Paz,04,012
AZ,Maricopa,04,013
AZ,Mohave,04,015
AZ,Navajo,04,017
AZ,Pima,04,019
AZ,Pinal,04,021
AZ,Santa Cruz,04,023
AZ,Yavapai,04,025
AZ,Yuma,04,027
AR,ArKS,05,001
AR,Ashley,05,003
AR,Baxter,05,005
AR,Benton,05,007
AR,Boone,05,009
AR,Bradley,05,011
AR,Calhoun,05,013
AR,Carroll,05,015
AR,Chicot,05,017
AR,Clark,05,019
AR,Clay,05,021
AR,Cleburne,05,023
AR,Cleveland,05,025
AR,Columbia,05,027
AR,Conway,05,029
AR,Craighead,05,031
AR,Crawford,05,033
AR,Crittenden,05,035
AR,Cross,05,037
AR,Dallas,05,039
AR,Desha,05,041
AR,Drew,05,043
AR,Faulkner,05,045
AR,Franklin,05,047
AR,Fulton,05,049
AR,Garland,05,051
AR,Grant,05,053
AR,Greene,05,055
AR,Hempstead,05,057
AR,Hot Spring,05,059
AR,Howard,05,061
AR,Independence,05,063
AR,Izard,05,065
AR,Jackson,05,067
AR,Jefferson,05,069
AR,Johnson,05,071
AR,Lafayette,05,073
AR,Lawrence,05,075
AR,Lee,05,077
AR,Lincoln,05,079
AR,Little River,05,081
AR,Logan,05,083
AR,Lonoke,05,085
AR,Madison,05,087
AR,Marion,05,089
AR,Miller,05,091
AR,MS,05,093
AR,Monroe,05,095
AR,NV,05,099
AR,Newton,05,101
AR,Ouachita,05,103
AR,Perry,05,105
AR,Phillips,05,107
AR,Pike,05,109
AR,Poinsett,05,111
AR,Polk,05,113
AR,Pope,05,115
AR,Prairie,05,117
AR,Pulaski,05,119
AR,Randolph,05,121
AR,St Francis,05,123
AR,Saline,05,125
AR,Scott,05,127
AR,Searcy,05,129
AR,Sebastian,05,131
AR,Sevier,05,133
AR,Sharp,05,135
AR,Stone,05,137
AR,Union,05,139
AR,Van Buren,05,141
AR,WA,05,143
AR,White,05,145
AR,Woodruff,05,147
AR,Yell,05,149
CA,Alameda,06,001
CA,Alpine,06,003
CA,Amador,06,005
CA,Butte,06,007
CA,Calaveras,06,009
CA,Colusa,06,011
CA,Contra Costa,06,013
CA,Del Norte,06,015
CA,El Dorado,06,017
CA,Fresno,06,019
CA,Glenn,06,021
CA,Humboldt,06,023
CA,Imperial,06,025
CA,Inyo,06,027
CA,Kern,06,029
CA,Kings,06,031
CA,Lake,06,033
CA,Lassen,06,035
CA,Los Angeles,06,037
CA,Madera,06,039
CA,Marin,06,041
CA,Mariposa,06,043
CA,Mendocino,06,045
CA,Merced,06,047
CA,Modoc,06,049
CA,Mono,06,051
CA,Monterey,06,053
CA,Napa,06,055
CA,NV,06,057
CA,Orange,06,059
CA,Placer,06,061
CA,Plumas,06,063
CA,Riverside,06,065
CA,Sacramento,06,067
CA,San Benito,06,069
CA,San Bernardino,06,071
CA,San Diego,06,073
CA,San Francisco,06,075
CA,San Joaquin,06,077
CA,San Luis Obispo,06,079
CA,San Mateo,06,081
CA,Santa Barbara,06,083
CA,Santa Clara,06,085
CA,Santa Cruz,06,087
CA,Shasta,06,089
CA,Sierra,06,091
CA,Siskiyou,06,093
CA,Solano,06,095
CA,Sonoma,06,097
CA,Stanislaus,06,099
CA,Sutter,06,101
CA,Tehama,06,103
CA,Trinity,06,105
CA,Tulare,06,107
CA,Tuolumne,06,109
CA,Ventura,06,111
CA,Yolo,06,113
CA,Yuba,06,115
CO,Adams,08,001
CO,Alamosa,08,003
CO,Arapahoe,08,005
CO,Archuleta,08,007
CO,Baca,08,009
CO,Bent,08,011
CO,Boulder,08,013
CO,Broomfield,08,014
CO,Chaffee,08,015
CO,Cheyenne,08,017
CO,Clear Creek,08,019
CO,Conejos,08,021
CO,Costilla,08,023
CO,Crowley,08,025
CO,Custer,08,027
CO,Delta,08,029
CO,Denver,08,031
CO,Dolores,08,033
CO,Douglas,08,035
CO,Eagle,08,037
CO,Elbert,08,039
CO,El Paso,08,041
CO,Fremont,08,043
CO,Garfield,08,045
CO,Gilpin,08,047
CO,Grand,08,049
CO,Gunnison,08,051
CO,Hinsdale,08,053
CO,Huerfano,08,055
CO,Jackson,08,057
CO,Jefferson,08,059
CO,KIA,08,061
CO,Kit Carson,08,063
CO,Lake,08,065
CO,La Plata,08,067
CO,Larimer,08,069
CO,Las Animas,08,071
CO,Lincoln,08,073
CO,Logan,08,075
CO,Mesa,08,077
CO,Mineral,08,079
CO,Moffat,08,081
CO,Montezuma,08,083
CO,Montrose,08,085
CO,Morgan,08,087
CO,Otero,08,089
CO,Ouray,08,091
CO,Park,08,093
CO,Phillips,08,095
CO,Pitkin,08,097
CO,Prowers,08,099
CO,Pueblo,08,101
CO,Rio Blanco,08,103
CO,Rio Grande,08,105
CO,Routt,08,107
CO,Saguache,08,109
CO,San Juan,08,111
CO,San Miguel,08,113
CO,Sedgwick,08,115
CO,Summit,08,117
CO,Teller,08,119
CO,WA,08,121
CO,Weld,08,123
CO,Yuma,08,125
CT,Fairfield,09,001
CT,Hartford,09,003
CT,Litchfield,09,005
CT,Middlesex,09,007
CT,New Haven,09,009
CT,New London,09,011
CT,Tolland,09,013
CT,Windham,09,015
DE,Kent,10,001
DE,New Castle,10,003
DE,Sussex,10,005
DC,District of Columbia,11,001
DC,Montgomery,11,031
FL,Alachua,12,001
FL,Baker,12,003
FL,Bay,12,005
FL,Bradford,12,007
FL,Brevard,12,009
FL,Broward,12,011
FL,Calhoun,12,013
FL,Charlotte,12,015
FL,Citrus,12,017
FL,Clay,12,019
FL,Collier,12,021
FL,Columbia,12,023
FL,De Soto,12,027
FL,Dixie,12,029
FL,Duval,12,031
FL,Escambia,12,033
FL,Flagler,12,035
FL,Franklin,12,037
FL,Gadsden,12,039
FL,Gilchrist,12,041
FL,Glades,12,043
FL,Gulf,12,045
FL,Hamilton,12,047
FL,Hardee,12,049
FL,Hendry,12,051
FL,Hernando,12,053
FL,Highlands,12,055
FL,Hillsborough,12,057
FL,Holmes,12,059
FL,Indian River,12,061
FL,Jackson,12,063
FL,Jefferson,12,065
FL,Lafayette,12,067
FL,Lake,12,069
FL,Lee,12,071
FL,Leon,12,073
FL,Levy,12,075
FL,Liberty,12,077
FL,Madison,12,079
FL,Manatee,12,081
FL,Marion,12,083
FL,Martin,12,085
FL,Miami-Dade,12,086
FL,Monroe,12,087
FL,Nassau,12,089
FL,Okaloosa,12,091
FL,Okeechobee,12,093
FL,Orange,12,095
FL,Osceola,12,097
FL,Palm Beach,12,099
FL,Pasco,12,101
FL,Pinellas,12,103
FL,Polk,12,105
FL,Putnam,12,107
FL,St Johns,12,109
FL,St Lucie,12,111
FL,Santa Rosa,12,113
FL,Sarasota,12,115
FL,Seminole,12,117
FL,Sumter,12,119
FL,Suwannee,12,121
FL,Taylor,12,123
FL,Union,12,125
FL,Volusia,12,127
FL,Wakulla,12,129
FL,Walton,12,131
FL,WA,12,133
GA,Appling,13,001
GA,Atkinson,13,003
GA,Bacon,13,005
GA,Baker,13,007
GA,Baldwin,13,009
GA,Banks,13,011
GA,Barrow,13,013
GA,Bartow,13,015
GA,Ben Hill,13,017
GA,Berrien,13,019
GA,Bibb,13,021
GA,Bleckley,13,023
GA,Brantley,13,025
GA,Brooks,13,027
GA,Bryan,13,029
GA,Bulloch,13,031
GA,Burke,13,033
GA,Butts,13,035
GA,Calhoun,13,037
GA,Camden,13,039
GA,Candler,13,043
GA,Carroll,13,045
GA,Catoosa,13,047
GA,Charlton,13,049
GA,Chatham,13,051
GA,Chattahoochee,13,053
GA,Chattooga,13,055
GA,Cherokee,13,057
GA,Clarke,13,059
GA,Clay,13,061
GA,Clayton,13,063
GA,Clinch,13,065
GA,Cobb,13,067
GA,Coffee,13,069
GA,Colquitt,13,071
GA,Columbia,13,073
GA,Cook,13,075
GA,Coweta,13,077
GA,Crawford,13,079
GA,Crisp,13,081
GA,Dade,13,083
GA,Dawson,13,085
GA,Decatur,13,087
GA,De Kalb,13,089
GA,Dodge,13,091
GA,Dooly,13,093
GA,Dougherty,13,095
GA,Douglas,13,097
GA,Early,13,099
GA,Echols,13,101
GA,Effingham,13,103
GA,Elbert,13,105
GA,Emanuel,13,107
GA,Evans,13,109
GA,Fannin,13,111
GA,Fayette,13,113
GA,Floyd,13,115
GA,Forsyth,13,117
GA,Franklin,13,119
GA,Fulton,13,121
GA,Gilmer,13,123
GA,Glascock,13,125
GA,Glynn,13,127
GA,Gordon,13,129
GA,Grady,13,131
GA,Greene,13,133
GA,Gwinnett,13,135
GA,Habersham,13,137
GA,Hall,13,139
GA,Hancock,13,141
GA,Haralson,13,143
GA,Harris,13,145
GA,Hart,13,147
GA,Heard,13,149
GA,Henry,13,151
GA,Houston,13,153
GA,Irwin,13,155
GA,Jackson,13,157
GA,Jasper,13,159
GA,Jeff Davis,13,161
GA,Jefferson,13,163
GA,Jenkins,13,165
GA,Johnson,13,167
GA,Jones,13,169
GA,Lamar,13,171
GA,Lanier,13,173
GA,Laurens,13,175
GA,Lee,13,177
GA,Liberty,13,179
GA,Lincoln,13,181
GA,Long,13,183
GA,Lowndes,13,185
GA,Lumpkin,13,187
GA,McDuffie,13,189
GA,McIntosh,13,191
GA,Macon,13,193
GA,Madison,13,195
GA,Marion,13,197
GA,Meriwether,13,199
GA,Miller,13,201
GA,Mitchell,13,205
GA,Monroe,13,207
GA,Montgomery,13,209
GA,Morgan,13,211
GA,Murray,13,213
GA,Muscogee,13,215
GA,Newton,13,217
GA,Oconee,13,219
GA,Oglethorpe,13,221
GA,Paulding,13,223
GA,Peach,13,225
GA,Pickens,13,227
GA,Pierce,13,229
GA,Pike,13,231
GA,Polk,13,233
GA,Pulaski,13,235
GA,Putnam,13,237
GA,Quitman,13,239
GA,Rabun,13,241
GA,Randolph,13,243
GA,Richmond,13,245
GA,Rockdale,13,247
GA,Schley,13,249
GA,Screven,13,251
GA,Seminole,13,253
GA,Spalding,13,255
GA,Stephens,13,257
GA,Stewart,13,259
GA,Sumter,13,261
GA,Talbot,13,263
GA,Taliaferro,13,265
GA,Tattnall,13,267
GA,Taylor,13,269
GA,Telfair,13,271
GA,Terrell,13,273
GA,Thomas,13,275
GA,Tift,13,277
GA,Toombs,13,279
GA,Towns,13,281
GA,Treutlen,13,283
GA,Troup,13,285
GA,Turner,13,287
GA,Twiggs,13,289
GA,Union,13,291
GA,Upson,13,293
GA,Walker,13,295
GA,Walton,13,297
GA,Ware,13,299
GA,Warren,13,301
GA,WA,13,303
GA,Wayne,13,305
GA,Webster,13,307
GA,Wheeler,13,309
GA,White,13,311
GA,Whitfield,13,313
GA,Wilcox,13,315
GA,Wilkes,13,317
GA,Wilkinson,13,319
GA,Worth,13,321
HI,HI,15,001
HI,Honolulu,15,003
HI,Kauai,15,007
HI,Maui,15,009
ID,Ada,16,001
ID,Adams,16,003
ID,Bannock,16,005
ID,Bear Lake,16,007
ID,Benewah,16,009
ID,Bingham,16,011
ID,Blaine,16,013
ID,Boise,16,015
ID,Bonner,16,017
ID,Bonneville,16,019
ID,Boundary,16,021
ID,Butte,16,023
ID,Camas,16,025
ID,Canyon,16,027
ID,Caribou,16,029
ID,Cassia,16,031
ID,Clark,16,033
ID,Clearwater,16,035
ID,Custer,16,037
ID,Elmore,16,039
ID,Franklin,16,041
ID,Fremont,16,043
ID,Gem,16,045
ID,Gooding,16,047
ID,ID,16,049
ID,Jefferson,16,051
ID,Jerome,16,053
ID,Kootenai,16,055
ID,Latah,16,057
ID,Lemhi,16,059
ID,Lewis,16,061
ID,Lincoln,16,063
ID,Madison,16,065
ID,Minidoka,16,067
ID,Nez Perce,16,069
ID,Oneida,16,071
ID,Owyhee,16,073
ID,Payette,16,075
ID,Power,16,077
ID,Shoshone,16,079
ID,Teton,16,081
ID,Twin Falls,16,083
ID,Valley,16,085
ID,WA,16,087
IL,Adams,17,001
IL,Alexander,17,003
IL,Bond,17,005
IL,Boone,17,007
IL,Brown,17,009
IL,Bureau,17,011
IL,Calhoun,17,013
IL,Carroll,17,015
IL,Cass,17,017
IL,Champaign,17,019
IL,Christian,17,021
IL,Clark,17,023
IL,Clay,17,025
IL,Clinton,17,027
IL,Coles,17,029
IL,Cook,17,031
IL,Crawford,17,033
IL,Cumberland,17,035
IL,De Kalb,17,037
IL,Dewitt,17,039
IL,Douglas,17,041
IL,Du Page,17,043
IL,Edgar,17,045
IL,Edwards,17,047
IL,Effingham,17,049
IL,Fayette,17,051
IL,Ford,17,053
IL,Franklin,17,055
IL,Fulton,17,057
IL,Gallatin,17,059
IL,Greene,17,061
IL,Grundy,17,063
IL,Hamilton,17,065
IL,Hancock,17,067
IL,Hardin,17,069
IL,Henderson,17,071
IL,Henry,17,073
IL,Iroquois,17,075
IL,Jackson,17,077
IL,Jasper,17,079
IL,Jefferson,17,081
IL,Jersey,17,083
IL,Jo Daviess,17,085
IL,Johnson,17,087
IL,Kane,17,089
IL,Kankakee,17,091
IL,Kendall,17,093
IL,Knox,17,095
IL,Lake,17,097
IL,La Salle,17,099
IL,Lawrence,17,101
IL,Lee,17,103
IL,Livingston,17,105
IL,Logan,17,107
IL,McDonough,17,109
IL,McHenry,17,111
IL,Mclean,17,113
IL,Macon,17,115
IL,Macoupin,17,117
IL,Madison,17,119
IL,Marion,17,121
IL,Marshall,17,123
IL,Mason,17,125
IL,Massac,17,127
IL,Menard,17,129
IL,Mercer,17,131
IL,Monroe,17,133
IL,Montgomery,17,135
IL,Morgan,17,137
IL,Moultrie,17,139
IL,Ogle,17,141
IL,Peoria,17,143
IL,Perry,17,145
IL,Piatt,17,147
IL,Pike,17,149
IL,Pope,17,151
IL,Pulaski,17,153
IL,Putnam,17,155
IL,Randolph,17,157
IL,Richland,17,159
IL,Rock Island,17,161
IL,St Clair,17,163
IL,Saline,17,165
IL,Sangamon,17,167
IL,Schuyler,17,169
IL,Scott,17,171
IL,Shelby,17,173
IL,Stark,17,175
IL,Stephenson,17,177
IL,Tazewell,17,179
IL,Union,17,181
IL,Vermilion,17,183
IL,Wabash,17,185
IL,Warren,17,187
IL,WA,17,189
IL,Wayne,17,191
IL,White,17,193
IL,Whiteside,17,195
IL,Will,17,197
IL,Williamson,17,199
IL,Winnebago,17,201
IL,Woodford,17,203
IN,Adams,18,001
IN,Allen,18,003
IN,Bartholomew,18,005
IN,Benton,18,007
IN,Blackford,18,009
IN,Boone,18,011
IN,Brown,18,013
IN,Carroll,18,015
IN,Cass,18,017
IN,Clark,18,019
IN,Clay,18,021
IN,Clinton,18,023
IN,Crawford,18,025
IN,Daviess,18,027
IN,Dearborn,18,029
IN,Decatur,18,031
IN,De Kalb,18,033
IN,DE,18,035
IN,Dubois,18,037
IN,Elkhart,18,039
IN,Fayette,18,041
IN,Floyd,18,043
IN,Fountain,18,045
IN,Franklin,18,047
IN,Fulton,18,049
IN,Gibson,18,051
IN,Grant,18,053
IN,Greene,18,055
IN,Hamilton,18,057
IN,Hancock,18,059
IN,Harrison,18,061
IN,Hendricks,18,063
IN,Henry,18,065
IN,Howard,18,067
IN,Huntington,18,069
IN,Jackson,18,071
IN,Jasper,18,073
IN,Jay,18,075
IN,Jefferson,18,077
IN,Jennings,18,079
IN,Johnson,18,081
IN,Knox,18,083
IN,Kosciusko,18,085
IN,Lagrange,18,087
IN,Lake,18,089
IN,La Porte,18,091
IN,Lawrence,18,093
IN,Madison,18,095
IN,Marion,18,097
IN,Marshall,18,099
IN,Martin,18,101
IN,Miami,18,103
IN,Monroe,18,105
IN,Montgomery,18,107
IN,Morgan,18,109
IN,Newton,18,111
IN,Noble,18,113
IN,OH,18,115
IN,Orange,18,117
IN,Owen,18,119
IN,Parke,18,121
IN,Perry,18,123
IN,Pike,18,125
IN,Porter,18,127
IN,Posey,18,129
IN,Pulaski,18,131
IN,Putnam,18,133
IN,Randolph,18,135
IN,Ripley,18,137
IN,Rush,18,139
IN,St Joseph,18,141
IN,Scott,18,143
IN,Shelby,18,145
IN,Spencer,18,147
IN,Starke,18,149
IN,Steuben,18,151
IN,Sullivan,18,153
IN,Switzerland,18,155
IN,Tippecanoe,18,157
IN,Tipton,18,159
IN,Union,18,161
IN,Vanderburgh,18,163
IN,Vermillion,18,165
IN,Vigo,18,167
IN,Wabash,18,169
IN,Warren,18,171
IN,Warrick,18,173
IN,WA,18,175
IN,Wayne,18,177
IN,Wells,18,179
IN,White,18,181
IN,Whitley,18,183
IA,Adair,19,001
IA,Adams,19,003
IA,Allamakee,19,005
IA,Appanoose,19,007
IA,Audubon,19,009
IA,Benton,19,011
IA,Black Hawk,19,013
IA,Boone,19,015
IA,Bremer,19,017
IA,Buchanan,19,019
IA,Buena Vista,19,021
IA,Butler,19,023
IA,Calhoun,19,025
IA,Carroll,19,027
IA,Cass,19,029
IA,Cedar,19,031
IA,Cerro Gordo,19,033
IA,Cherokee,19,035
IA,Chickasaw,19,037
IA,Clarke,19,039
IA,Clay,19,041
IA,Clayton,19,043
IA,Clinton,19,045
IA,Crawford,19,047
IA,Dallas,19,049
IA,Davis,19,051
IA,Decatur,19,053
IA,DE,19,055
IA,Des Moines,19,057
IA,Dickinson,19,059
IA,Dubuque,19,061
IA,Emmet,19,063
IA,Fayette,19,065
IA,Floyd,19,067
IA,Franklin,19,069
IA,Fremont,19,071
IA,Greene,19,073
IA,Grundy,19,075
IA,Guthrie,19,077
IA,Hamilton,19,079
IA,Hancock,19,081
IA,Hardin,19,083
IA,Harrison,19,085
IA,Henry,19,087
IA,Howard,19,089
IA,Humboldt,19,091
IA,Ida,19,093
IA,IA,19,095
IA,Jackson,19,097
IA,Jasper,19,099
IA,Jefferson,19,101
IA,Johnson,19,103
IA,Jones,19,105
IA,Keokuk,19,107
IA,Kossuth,19,109
IA,Lee,19,111
IA,Linn,19,113
IA,Louisa,19,115
IA,Lucas,19,117
IA,Lyon,19,119
IA,Madison,19,121
IA,Mahaska,19,123
IA,Marion,19,125
IA,Marshall,19,127
IA,Mills,19,129
IA,Mitchell,19,131
IA,Monona,19,133
IA,Monroe,19,135
IA,Montgomery,19,137
IA,Muscatine,19,139
IA,Obrien,19,141
IA,Osceola,19,143
IA,Page,19,145
IA,Palo Alto,19,147
IA,Plymouth,19,149
IA,Pocahontas,19,151
IA,Polk,19,153
IA,Pottawattamie,19,155
IA,Poweshiek,19,157
IA,Ringgold,19,159
IA,Sac,19,161
IA,Scott,19,163
IA,Shelby,19,165
IA,Sioux,19,167
IA,Story,19,169
IA,Tama,19,171
IA,Taylor,19,173
IA,Union,19,175
IA,Van Buren,19,177
IA,Wapello,19,179
IA,Warren,19,181
IA,WA,19,183
IA,Wayne,19,185
IA,Webster,19,187
IA,Winnebago,19,189
IA,Winneshiek,19,191
IA,Woodbury,19,193
IA,Worth,19,195
IA,Wright,19,197
KS,Allen,20,001
KS,Anderson,20,003
KS,Atchison,20,005
KS,Barber,20,007
KS,Barton,20,009
KS,Bourbon,20,011
KS,Brown,20,013
KS,Butler,20,015
KS,Chase,20,017
KS,Chautauqua,20,019
KS,Cherokee,20,021
KS,Cheyenne,20,023
KS,Clark,20,025
KS,Clay,20,027
KS,Cloud,20,029
KS,Coffey,20,031
KS,Comanche,20,033
KS,Cowley,20,035
KS,Crawford,20,037
KS,Decatur,20,039
KS,Dickinson,20,041
KS,Doniphan,20,043
KS,Douglas,20,045
KS,Edwards,20,047
KS,Elk,20,049
KS,Ellis,20,051
KS,Ellsworth,20,053
KS,Finney,20,055
KS,Ford,20,057
KS,Franklin,20,059
KS,Geary,20,061
KS,Gove,20,063
KS,Graham,20,065
KS,Grant,20,067
KS,Gray,20,069
KS,Greeley,20,071
KS,Greenwood,20,073
KS,Hamilton,20,075
KS,Harper,20,077
KS,Harvey,20,079
KS,Haskell,20,081
KS,Hodgeman,20,083
KS,Jackson,20,085
KS,Jefferson,20,087
KS,Jewell,20,089
KS,Johnson,20,091
KS,Kearny,20,093
KS,Kingman,20,095
KS,KIA,20,097
KS,Labette,20,099
KS,Lane,20,101
KS,Leavenworth,20,103
KS,Lincoln,20,105
KS,Linn,20,107
KS,Logan,20,109
KS,Lyon,20,111
KS,McPherson,20,113
KS,Marion,20,115
KS,Marshall,20,117
KS,Meade,20,119
KS,Miami,20,121
KS,Mitchell,20,123
KS,Montgomery,20,125
KS,Morris,20,127
KS,Morton,20,129
KS,Nemaha,20,131
KS,Neosho,20,133
KS,Ness,20,135
KS,Norton,20,137
KS,Osage,20,139
KS,Osborne,20,141
KS,Ottawa,20,143
KS,Pawnee,20,145
KS,Phillips,20,147
KS,Pottawatomie,20,149
KS,Pratt,20,151
KS,Rawlins,20,153
KS,Reno,20,155
KS,Republic,20,157
KS,Rice,20,159
KS,Riley,20,161
KS,Rooks,20,163
KS,Rush,20,165
KS,Russell,20,167
KS,Saline,20,169
KS,Scott,20,171
KS,Sedgwick,20,173
KS,Seward,20,175
KS,Shawnee,20,177
KS,Sheridan,20,179
KS,Sherman,20,181
KS,Smith,20,183
KS,Stafford,20,185
KS,Stanton,20,187
KS,Stevens,20,189
KS,Sumner,20,191
KS,Thomas,20,193
KS,Trego,20,195
KS,Wabaunsee,20,197
KS,Wallace,20,199
KS,WA,20,201
KS,Wichita,20,203
KS,Wilson,20,205
KS,Woodson,20,207
KS,Wyandotte,20,209
KY,Adair,21,001
KY,Allen,21,003
KY,Anderson,21,005
KY,Ballard,21,007
KY,Barren,21,009
KY,Bath,21,011
KY,Bell,21,013
KY,Boone,21,015
KY,Bourbon,21,017
KY,Boyd,21,019
KY,Boyle,21,021
KY,Bracken,21,023
KY,Breathitt,21,025
KY,Breckinridge,21,027
KY,Bullitt,21,029
KY,Butler,21,031
KY,Caldwell,21,033
KY,Calloway,21,035
KY,Campbell,21,037
KY,Carlisle,21,039
KY,Carroll,21,041
KY,Carter,21,043
KY,Casey,21,045
KY,Christian,21,047
KY,Clark,21,049
KY,Clay,21,051
KY,Clinton,21,053
KY,Crittenden,21,055
KY,Cumberland,21,057
KY,Daviess,21,059
KY,Edmonson,21,061
KY,Elliott,21,063
KY,Estill,21,065
KY,Fayette,21,067
KY,Fleming,21,069
KY,Floyd,21,071
KY,Franklin,21,073
KY,Fulton,21,075
KY,Gallatin,21,077
KY,Garrard,21,079
KY,Grant,21,081
KY,Graves,21,083
KY,Grayson,21,085
KY,Green,21,087
KY,Greenup,21,089
KY,Hancock,21,091
KY,Hardin,21,093
KY,Harlan,21,095
KY,Harrison,21,097
KY,Hart,21,099
KY,Henderson,21,101
KY,Henry,21,103
KY,Hickman,21,105
KY,Hopkins,21,107
KY,Jackson,21,109
KY,Jefferson,21,111
KY,Jessamine,21,113
KY,Johnson,21,115
KY,Kenton,21,117
KY,Knott,21,119
KY,Knox,21,121
KY,Larue,21,123
KY,Laurel,21,125
KY,Lawrence,21,127
KY,Lee,21,129
KY,Leslie,21,131
KY,Letcher,21,133
KY,Lewis,21,135
KY,Lincoln,21,137
KY,Livingston,21,139
KY,Logan,21,141
KY,Lyon,21,143
KY,McCracken,21,145
KY,McCreary,21,147
KY,Mclean,21,149
KY,Madison,21,151
KY,Magoffin,21,153
KY,Marion,21,155
KY,Marshall,21,157
KY,Martin,21,159
KY,Mason,21,161
KY,Meade,21,163
KY,Menifee,21,165
KY,Mercer,21,167
KY,Metcalfe,21,169
KY,Monroe,21,171
KY,Montgomery,21,173
KY,Morgan,21,175
KY,Muhlenberg,21,177
KY,Nelson,21,179
KY,Nicholas,21,181
KY,OH,21,183
KY,Oldham,21,185
KY,Owen,21,187
KY,Owsley,21,189
KY,Pendleton,21,191
KY,Perry,21,193
KY,Pike,21,195
KY,Powell,21,197
KY,Pulaski,21,199
KY,Robertson,21,201
KY,Rockcastle,21,203
KY,Rowan,21,205
KY,Russell,21,207
KY,Scott,21,209
KY,Shelby,21,211
KY,Simpson,21,213
KY,Spencer,21,215
KY,Taylor,21,217
KY,Todd,21,219
KY,Trigg,21,221
KY,Trimble,21,223
KY,Union,21,225
KY,Warren,21,227
KY,WA,21,229
KY,Wayne,21,231
KY,Webster,21,233
KY,Whitley,21,235
KY,Wolfe,21,237
KY,Woodford,21,239
LA,Acadia,22,001
LA,Allen,22,003
LA,Ascension,22,005
LA,Assumption,22,007
LA,Avoyelles,22,009
LA,Beauregard,22,011
LA,Bienville,22,013
LA,Bossier,22,015
LA,Caddo,22,017
LA,Calcasieu,22,019
LA,Caldwell,22,021
LA,Cameron,22,023
LA,Catahoula,22,025
LA,Claiborne,22,027
LA,Concordia,22,029
LA,De Soto,22,031
LA,East Baton Rouge,22,033
LA,East Carroll,22,035
LA,East Feliciana,22,037
LA,Evangeline,22,039
LA,Franklin,22,041
LA,Grant,22,043
LA,Iberia,22,045
LA,Iberville,22,047
LA,Jackson,22,049
LA,Jefferson,22,051
LA,Jefferson Davis,22,053
LA,Lafayette,22,055
LA,Lafourche,22,057
LA,La Salle,22,059
LA,Lincoln,22,061
LA,Livingston,22,063
LA,Madison,22,065
LA,Morehouse,22,067
LA,Natchitoches,22,069
LA,Orleans,22,071
LA,Ouachita,22,073
LA,Plaquemines,22,075
LA,Pointe Coupee,22,077
LA,Rapides,22,079
LA,Red River,22,081
LA,Richland,22,083
LA,Sabine,22,085
LA,St Bernard,22,087
LA,St Charles,22,089
LA,St Helena,22,091
LA,St James,22,093
LA,St John The Baptist,22,095
LA,St Landry,22,097
LA,St Martin,22,099
LA,St Mary,22,101
LA,St Tammany,22,103
LA,Tangipahoa,22,105
LA,Tensas,22,107
LA,Terrebonne,22,109
LA,Union,22,111
LA,Vermilion,22,113
LA,Vernon,22,115
LA,WA,22,117
LA,Webster,22,119
LA,West Baton Rouge,22,121
LA,West Carroll,22,123
LA,West Feliciana,22,125
LA,Winn,22,127
ME,Androscoggin,23,001
ME,Aroostook,23,003
ME,Cumberland,23,005
ME,Franklin,23,007
ME,Hancock,23,009
ME,Kennebec,23,011
ME,Knox,23,013
ME,Lincoln,23,015
ME,Oxford,23,017
ME,Penobscot,23,019
ME,Piscataquis,23,021
ME,Sagadahoc,23,023
ME,Somerset,23,025
ME,Waldo,23,027
ME,WA,23,029
ME,York,23,031
MD,Allegany,24,001
MD,Anne Arundel,24,003
MD,Baltimore,24,005
MD,Calvert,24,009
MD,Caroline,24,011
MD,Carroll,24,013
MD,Cecil,24,015
MD,Charles,24,017
MD,Dorchester,24,019
MD,Frederick,24,021
MD,Garrett,24,023
MD,Harford,24,025
MD,Howard,24,027
MD,Kent,24,029
MD,Montgomery,24,031
MD,Prince Georges,24,033
MD,Queen Annes,24,035
MD,St Marys,24,037
MD,Somerset,24,039
MD,Talbot,24,041
MD,WA,24,043
MD,Wicomico,24,045
MD,Worcester,24,047
MD,Baltimore City,24,510
MA,Barnstable,25,001
MA,Berkshire,25,003
MA,Bristol,25,005
MA,Dukes,25,007
MA,Essex,25,009
MA,Franklin,25,011
MA,Hampden,25,013
MA,Hampshire,25,015
MA,Middlesex,25,017
MA,Nantucket,25,019
MA,Norfolk,25,021
MA,Plymouth,25,023
MA,Suffolk,25,025
MA,Worcester,25,027
MI,Alcona,26,001
MI,Alger,26,003
MI,Allegan,26,005
MI,Alpena,26,007
MI,Antrim,26,009
MI,Arenac,26,011
MI,Baraga,26,013
MI,Barry,26,015
MI,Bay,26,017
MI,Benzie,26,019
MI,Berrien,26,021
MI,Branch,26,023
MI,Calhoun,26,025
MI,Cass,26,027
MI,Charlevoix,26,029
MI,Cheboygan,26,031
MI,Chippewa,26,033
MI,Clare,26,035
MI,Clinton,26,037
MI,Crawford,26,039
MI,Delta,26,041
MI,Dickinson,26,043
MI,Eaton,26,045
MI,Emmet,26,047
MI,Genesee,26,049
MI,Gladwin,26,051
MI,Gogebic,26,053
MI,Grand Traverse,26,055
MI,Gratiot,26,057
MI,Hillsdale,26,059
MI,Houghton,26,061
MI,Huron,26,063
MI,Ingham,26,065
MI,Ionia,26,067
MI,Iosco,26,069
MI,Iron,26,071
MI,Isabella,26,073
MI,Jackson,26,075
MI,Kalamazoo,26,077
MI,Kalkaska,26,079
MI,Kent,26,081
MI,Keweenaw,26,083
MI,Lake,26,085
MI,Lapeer,26,087
MI,Leelanau,26,089
MI,Lenawee,26,091
MI,Livingston,26,093
MI,Luce,26,095
MI,Mackinac,26,097
MI,Macomb,26,099
MI,Manistee,26,101
MI,Marquette,26,103
MI,Mason,26,105
MI,Mecosta,26,107
MI,Menominee,26,109
MI,Midland,26,111
MI,Missaukee,26,113
MI,Monroe,26,115
MI,Montcalm,26,117
MI,Montmorency,26,119
MI,Muskegon,26,121
MI,Newaygo,26,123
MI,Oakland,26,125
MI,Oceana,26,127
MI,Ogemaw,26,129
MI,Ontonagon,26,131
MI,Osceola,26,133
MI,Oscoda,26,135
MI,Otsego,26,137
MI,Ottawa,26,139
MI,Presque Isle,26,141
MI,Roscommon,26,143
MI,Saginaw,26,145
MI,St Clair,26,147
MI,St Joseph,26,149
MI,Sanilac,26,151
MI,Schoolcraft,26,153
MI,Shiawassee,26,155
MI,Tuscola,26,157
MI,Van Buren,26,159
MI,Washtenaw,26,161
MI,Wayne,26,163
MI,Wexford,26,165
MN,Aitkin,27,001
MN,Anoka,27,003
MN,Becker,27,005
MN,Beltrami,27,007
MN,Benton,27,009
MN,Big Stone,27,011
MN,Blue Earth,27,013
MN,Brown,27,015
MN,Carlton,27,017
MN,Carver,27,019
MN,Cass,27,021
MN,Chippewa,27,023
MN,Chisago,27,025
MN,Clay,27,027
MN,Clearwater,27,029
MN,Cook,27,031
MN,Cottonwood,27,033
MN,Crow Wing,27,035
MN,Dakota,27,037
MN,Dodge,27,039
MN,Douglas,27,041
MN,Faribault,27,043
MN,Fillmore,27,045
MN,Freeborn,27,047
MN,Goodhue,27,049
MN,Grant,27,051
MN,Hennepin,27,053
MN,Houston,27,055
MN,Hubbard,27,057
MN,Isanti,27,059
MN,Itasca,27,061
MN,Jackson,27,063
MN,Kanabec,27,065
MN,Kandiyohi,27,067
MN,Kittson,27,069
MN,Koochiching,27,071
MN,Lac Qui Parle,27,073
MN,Lake,27,075
MN,Lake of The Woods,27,077
MN,Le Sueur,27,079
MN,Lincoln,27,081
MN,Lyon,27,083
MN,McLeod,27,085
MN,Mahnomen,27,087
MN,Marshall,27,089
MN,Martin,27,091
MN,Meeker,27,093
MN,Mille Lacs,27,095
MN,Morrison,27,097
MN,Mower,27,099
MN,Murray,27,101
MN,Nicollet,27,103
MN,Nobles,27,105
MN,Norman,27,107
MN,Olmsted,27,109
MN,Otter Tail,27,111
MN,Pennington,27,113
MN,Pine,27,115
MN,Pipestone,27,117
MN,Polk,27,119
MN,Pope,27,121
MN,Ramsey,27,123
MN,Red Lake,27,125
MN,Redwood,27,127
MN,Renville,27,129
MN,Rice,27,131
MN,Rock,27,133
MN,Roseau,27,135
MN,St Louis,27,137
MN,Scott,27,139
MN,Sherburne,27,141
MN,Sibley,27,143
MN,Stearns,27,145
MN,Steele,27,147
MN,Stevens,27,149
MN,Swift,27,151
MN,Todd,27,153
MN,Traverse,27,155
MN,Wabasha,27,157
MN,Wadena,27,159
MN,Waseca,27,161
MN,WA,27,163
MN,Watonwan,27,165
MN,Wilkin,27,167
MN,Winona,27,169
MN,Wright,27,171
MN,Yellow Medicine,27,173
MS,Adams,28,001
MS,Alcorn,28,003
MS,Amite,28,005
MS,Attala,28,007
MS,Benton,28,009
MS,Bolivar,28,011
MS,Calhoun,28,013
MS,Carroll,28,015
MS,Chickasaw,28,017
MS,Choctaw,28,019
MS,Claiborne,28,021
MS,Clarke,28,023
MS,Clay,28,025
MS,Coahoma,28,027
MS,Copiah,28,029
MS,Covington,28,031
MS,De Soto,28,033
MS,Forrest,28,035
MS,Franklin,28,037
MS,George,28,039
MS,Greene,28,041
MS,Grenada,28,043
MS,Hancock,28,045
MS,Harrison,28,047
MS,Hinds,28,049
MS,Holmes,28,051
MS,Humphreys,28,053
MS,Issaquena,28,055
MS,Itawamba,28,057
MS,Jackson,28,059
MS,Jasper,28,061
MS,Jefferson,28,063
MS,Jefferson Davis,28,065
MS,Jones,28,067
MS,Kemper,28,069
MS,Lafayette,28,071
MS,Lamar,28,073
MS,Lauderdale,28,075
MS,Lawrence,28,077
MS,Leake,28,079
MS,Lee,28,081
MS,Leflore,28,083
MS,Lincoln,28,085
MS,Lowndes,28,087
MS,Madison,28,089
MS,Marion,28,091
MS,Marshall,28,093
MS,Monroe,28,095
MS,Montgomery,28,097
MS,Neshoba,28,099
MS,Newton,28,101
MS,Noxubee,28,103
MS,Oktibbeha,28,105
MS,Panola,28,107
MS,Pearl River,28,109
MS,Perry,28,111
MS,Pike,28,113
MS,Pontotoc,28,115
MS,Prentiss,28,117
MS,Quitman,28,119
MS,Rankin,28,121
MS,Scott,28,123
MS,Sharkey,28,125
MS,Simpson,28,127
MS,Smith,28,129
MS,Stone,28,131
MS,Sunflower,28,133
MS,Tallahatchie,28,135
MS,Tate,28,137
MS,Tippah,28,139
MS,Tishomingo,28,141
MS,Tunica,28,143
MS,Union,28,145
MS,Walthall,28,147
MS,Warren,28,149
MS,WA,28,151
MS,Wayne,28,153
MS,Webster,28,155
MS,Wilkinson,28,157
MS,Winston,28,159
MS,Yalobusha,28,161
MS,Yazoo,28,163
MO,Adair,29,001
MO,Andrew,29,003
MO,Atchison,29,005
MO,Audrain,29,007
MO,Barry,29,009
MO,Barton,29,011
MO,Bates,29,013
MO,Benton,29,015
MO,Bollinger,29,017
MO,Boone,29,019
MO,Buchanan,29,021
MO,Butler,29,023
MO,Caldwell,29,025
MO,Callaway,29,027
MO,Camden,29,029
MO,Cape Girardeau,29,031
MO,Carroll,29,033
MO,Carter,29,035
MO,Cass,29,037
MO,Cedar,29,039
MO,Chariton,29,041
MO,Christian,29,043
MO,Clark,29,045
MO,Clay,29,047
MO,Clinton,29,049
MO,Cole,29,051
MO,Cooper,29,053
MO,Crawford,29,055
MO,Dade,29,057
MO,Dallas,29,059
MO,Daviess,29,061
MO,Dekalb,29,063
MO,Dent,29,065
MO,Douglas,29,067
MO,Dunklin,29,069
MO,Franklin,29,071
MO,Gasconade,29,073
MO,Gentry,29,075
MO,Greene,29,077
MO,Grundy,29,079
MO,Harrison,29,081
MO,Henry,29,083
MO,Hickory,29,085
MO,Holt,29,087
MO,Howard,29,089
MO,Howell,29,091
MO,Iron,29,093
MO,Jackson,29,095
MO,Jasper,29,097
MO,Jefferson,29,099
MO,Johnson,29,101
MO,Knox,29,103
MO,Laclede,29,105
MO,Lafayette,29,107
MO,Lawrence,29,109
MO,Lewis,29,111
MO,Lincoln,29,113
MO,Linn,29,115
MO,Livingston,29,117
MO,Mcdonald,29,119
MO,Macon,29,121
MO,Madison,29,123
MO,Maries,29,125
MO,Marion,29,127
MO,Mercer,29,129
MO,Miller,29,131
MO,MS,29,133
MO,Moniteau,29,135
MO,Monroe,29,137
MO,Montgomery,29,139
MO,Morgan,29,141
MO,New Madrid,29,143
MO,Newton,29,145
MO,Nodaway,29,147
MO,OR,29,149
MO,Osage,29,151
MO,Ozark,29,153
MO,Pemiscot,29,155
MO,Perry,29,157
MO,Pettis,29,159
MO,Phelps,29,161
MO,Pike,29,163
MO,Platte,29,165
MO,Polk,29,167
MO,Pulaski,29,169
MO,Putnam,29,171
MO,Ralls,29,173
MO,Randolph,29,175
MO,Ray,29,177
MO,Reynolds,29,179
MO,Ripley,29,181
MO,St Charles,29,183
MO,St Clair,29,185
MO,Ste Genevieve,29,186
MO,St Francois,29,187
MO,St Louis,29,189
MO,Saline,29,195
MO,Schuyler,29,197
MO,Scotland,29,199
MO,Scott,29,201
MO,Shannon,29,203
MO,Shelby,29,205
MO,Stoddard,29,207
MO,Stone,29,209
MO,Sullivan,29,211
MO,Taney,29,213
MO,TX,29,215
MO,Vernon,29,217
MO,Warren,29,219
MO,WA,29,221
MO,Wayne,29,223
MO,Webster,29,225
MO,Worth,29,227
MO,Wright,29,229
MO,St Louis City,29,510
MT,Beaverhead,30,001
MT,Big Horn,30,003
MT,Blaine,30,005
MT,Broadwater,30,007
MT,Carbon,30,009
MT,Carter,30,011
MT,Cascade,30,013
MT,Chouteau,30,015
MT,Custer,30,017
MT,Daniels,30,019
MT,Dawson,30,021
MT,Deer Lodge,30,023
MT,Fallon,30,025
MT,Fergus,30,027
MT,Flathead,30,029
MT,Gallatin,30,031
MT,Garfield,30,033
MT,Glacier,30,035
MT,Golden Valley,30,037
MT,Granite,30,039
MT,Hill,30,041
MT,Jefferson,30,043
MT,Judith Basin,30,045
MT,Lake,30,047
MT,Lewis and Clark,30,049
MT,Liberty,30,051
MT,Lincoln,30,053
MT,McCone,30,055
MT,Madison,30,057
MT,Meagher,30,059
MT,Mineral,30,061
MT,Missoula,30,063
MT,Musselshell,30,065
MT,Park,30,067
MT,Petroleum,30,069
MT,Phillips,30,071
MT,Pondera,30,073
MT,Powder River,30,075
MT,Powell,30,077
MT,Prairie,30,079
MT,Ravalli,30,081
MT,Richland,30,083
MT,Roosevelt,30,085
MT,Rosebud,30,087
MT,Sanders,30,089
MT,Sheridan,30,091
MT,Silver Bow,30,093
MT,Stillwater,30,095
MT,Sweet Grass,30,097
MT,Teton,30,099
MT,Toole,30,101
MT,Treasure,30,103
MT,Valley,30,105
MT,Wheatland,30,107
MT,Wibaux,30,109
MT,Yellowstone,30,111
NE,Adams,31,001
NE,Antelope,31,003
NE,Arthur,31,005
NE,Banner,31,007
NE,Blaine,31,009
NE,Boone,31,011
NE,Box Butte,31,013
NE,Boyd,31,015
NE,Brown,31,017
NE,Buffalo,31,019
NE,Burt,31,021
NE,Butler,31,023
NE,Cass,31,025
NE,Cedar,31,027
NE,Chase,31,029
NE,Cherry,31,031
NE,Cheyenne,31,033
NE,Clay,31,035
NE,Colfax,31,037
NE,Cuming,31,039
NE,Custer,31,041
NE,Dakota,31,043
NE,Dawes,31,045
NE,Dawson,31,047
NE,Deuel,31,049
NE,Dixon,31,051
NE,Dodge,31,053
NE,Douglas,31,055
NE,Dundy,31,057
NE,Fillmore,31,059
NE,Franklin,31,061
NE,Frontier,31,063
NE,Furnas,31,065
NE,Gage,31,067
NE,Garden,31,069
NE,Garfield,31,071
NE,Gosper,31,073
NE,Grant,31,075
NE,Greeley,31,077
NE,Hall,31,079
NE,Hamilton,31,081
NE,Harlan,31,083
NE,Hayes,31,085
NE,Hitchcock,31,087
NE,Holt,31,089
NE,Hooker,31,091
NE,Howard,31,093
NE,Jefferson,31,095
NE,Johnson,31,097
NE,Kearney,31,099
NE,Keith,31,101
NE,Keya Paha,31,103
NE,Kimball,31,105
NE,Knox,31,107
NE,Lancaster,31,109
NE,Lincoln,31,111
NE,Logan,31,113
NE,Loup,31,115
NE,McPherson,31,117
NE,Madison,31,119
NE,Merrick,31,121
NE,Morrill,31,123
NE,Nance,31,125
NE,Nemaha,31,127
NE,Nuckolls,31,129
NE,Otoe,31,131
NE,Pawnee,31,133
NE,Perkins,31,135
NE,Phelps,31,137
NE,Pierce,31,139
NE,Platte,31,141
NE,Polk,31,143
NE,Red Willow,31,145
NE,Richardson,31,147
NE,Rock,31,149
NE,Saline,31,151
NE,Sarpy,31,153
NE,Saunders,31,155
NE,Scotts Bluff,31,157
NE,Seward,31,159
NE,Sheridan,31,161
NE,Sherman,31,163
NE,Sioux,31,165
NE,Stanton,31,167
NE,Thayer,31,169
NE,Thomas,31,171
NE,Thurston,31,173
NE,Valley,31,175
NE,WA,31,177
NE,Wayne,31,179
NE,Webster,31,181
NE,Wheeler,31,183
NE,York,31,185
NV,Churchill,32,001
NV,Clark,32,003
NV,Douglas,32,005
NV,Elko,32,007
NV,Esmeralda,32,009
NV,Eureka,32,011
NV,Humboldt,32,013
NV,Lander,32,015
NV,Lincoln,32,017
NV,Lyon,32,019
NV,Mineral,32,021
NV,Nye,32,023
NV,Pershing,32,027
NV,Storey,32,029
NV,Washoe,32,031
NV,White Pine,32,033
NV,Carson City,32,510
NH,Belknap,33,001
NH,Carroll,33,003
NH,Cheshire,33,005
NH,Coos,33,007
NH,Grafton,33,009
NH,Hillsborough,33,011
NH,Merrimack,33,013
NH,Rockingham,33,015
NH,Strafford,33,017
NH,Sullivan,33,019
NJ,Atlantic,34,001
NJ,Bergen,34,003
NJ,Burlington,34,005
NJ,Camden,34,007
NJ,Cape May,34,009
NJ,Cumberland,34,011
NJ,Essex,34,013
NJ,Gloucester,34,015
NJ,Hudson,34,017
NJ,Hunterdon,34,019
NJ,Mercer,34,021
NJ,Middlesex,34,023
NJ,Monmouth,34,025
NJ,Morris,34,027
NJ,Ocean,34,029
NJ,Passaic,34,031
NJ,Salem,34,033
NJ,Somerset,34,035
NJ,Sussex,34,037
NJ,Union,34,039
NJ,Warren,34,041
NM,Bernalillo,35,001
NM,Catron,35,003
NM,Chaves,35,005
NM,Cibola,35,006
NM,Colfax,35,007
NM,Curry,35,009
NM,De Baca,35,011
NM,Dona Ana,35,013
NM,Eddy,35,015
NM,Grant,35,017
NM,Guadalupe,35,019
NM,Harding,35,021
NM,Hidalgo,35,023
NM,Lea,35,025
NM,Lincoln,35,027
NM,Los Alamos,35,028
NM,Luna,35,029
NM,Mckinley,35,031
NM,Mora,35,033
NM,Otero,35,035
NM,Quay,35,037
NM,Rio Arriba,35,039
NM,Roosevelt,35,041
NM,Sandoval,35,043
NM,San Juan,35,045
NM,San Miguel,35,047
NM,Santa Fe,35,049
NM,Sierra,35,051
NM,Socorro,35,053
NM,Taos,35,055
NM,Torrance,35,057
NM,Union,35,059
NM,Valencia,35,061
NY,Albany,36,001
NY,Allegany,36,003
NY,Bronx,36,005
NY,Broome,36,007
NY,Cattaraugus,36,009
NY,Cayuga,36,011
NY,Chautauqua,36,013
NY,Chemung,36,015
NY,Chenango,36,017
NY,Clinton,36,019
NY,Columbia,36,021
NY,Cortland,36,023
NY,DE,36,025
NY,Dutchess,36,027
NY,Erie,36,029
NY,Essex,36,031
NY,Franklin,36,033
NY,Fulton,36,035
NY,Genesee,36,037
NY,Greene,36,039
NY,Hamilton,36,041
NY,Herkimer,36,043
NY,Jefferson,36,045
NY,Kings,36,047
NY,Lewis,36,049
NY,Livingston,36,051
NY,Madison,36,053
NY,Monroe,36,055
NY,Montgomery,36,057
NY,Nassau,36,059
NY,NY,36,061
NY,Niagara,36,063
NY,Oneida,36,065
NY,Onondaga,36,067
NY,Ontario,36,069
NY,Orange,36,071
NY,Orleans,36,073
NY,Oswego,36,075
NY,Otsego,36,077
NY,Putnam,36,079
NY,Queens,36,081
NY,Rensselaer,36,083
NY,Richmond,36,085
NY,Rockland,36,087
NY,St Lawrence,36,089
NY,Saratoga,36,091
NY,Schenectady,36,093
NY,Schoharie,36,095
NY,Schuyler,36,097
NY,Seneca,36,099
NY,Steuben,36,101
NY,Suffolk,36,103
NY,Sullivan,36,105
NY,Tioga,36,107
NY,Tompkins,36,109
NY,Ulster,36,111
NY,Warren,36,113
NY,WA,36,115
NY,Wayne,36,117
NY,Westchester,36,119
NY,WY,36,121
NY,Yates,36,123
NC,Alamance,37,001
NC,Alexander,37,003
NC,Alleghany,37,005
NC,Anson,37,007
NC,Ashe,37,009
NC,Avery,37,011
NC,Beaufort,37,013
NC,Bertie,37,015
NC,Bladen,37,017
NC,Brunswick,37,019
NC,Buncombe,37,021
NC,Burke,37,023
NC,Cabarrus,37,025
NC,Caldwell,37,027
NC,Camden,37,029
NC,Carteret,37,031
NC,Caswell,37,033
NC,Catawba,37,035
NC,Chatham,37,037
NC,Cherokee,37,039
NC,Chowan,37,041
NC,Clay,37,043
NC,Cleveland,37,045
NC,Columbus,37,047
NC,Craven,37,049
NC,Cumberland,37,051
NC,Currituck,37,053
NC,Dare,37,055
NC,Davidson,37,057
NC,Davie,37,059
NC,Duplin,37,061
NC,Durham,37,063
NC,Edgecombe,37,065
NC,Forsyth,37,067
NC,Franklin,37,069
NC,Gaston,37,071
NC,Gates,37,073
NC,Graham,37,075
NC,Granville,37,077
NC,Greene,37,079
NC,Guilford,37,081
NC,Halifax,37,083
NC,Harnett,37,085
NC,Haywood,37,087
NC,Henderson,37,089
NC,Hertford,37,091
NC,Hoke,37,093
NC,Hyde,37,095
NC,Iredell,37,097
NC,Jackson,37,099
NC,Johnston,37,101
NC,Jones,37,103
NC,Lee,37,105
NC,Lenoir,37,107
NC,Lincoln,37,109
NC,McDowell,37,111
NC,Macon,37,113
NC,Madison,37,115
NC,Martin,37,117
NC,Mecklenburg,37,119
NC,Mitchell,37,121
NC,Montgomery,37,123
NC,Moore,37,125
NC,Nash,37,127
NC,New Hanover,37,129
NC,Northampton,37,131
NC,Onslow,37,133
NC,Orange,37,135
NC,Pamlico,37,137
NC,Pasquotank,37,139
NC,Pender,37,141
NC,Perquimans,37,143
NC,Person,37,145
NC,Pitt,37,147
NC,Polk,37,149
NC,Randolph,37,151
NC,Richmond,37,153
NC,Robeson,37,155
NC,Rockingham,37,157
NC,Rowan,37,159
NC,Rutherford,37,161
NC,Sampson,37,163
NC,Scotland,37,165
NC,Stanly,37,167
NC,Stokes,37,169
NC,Surry,37,171
NC,Swain,37,173
NC,Transylvania,37,175
NC,Tyrrell,37,177
NC,Union,37,179
NC,Vance,37,181
NC,Wake,37,183
NC,Warren,37,185
NC,WA,37,187
NC,Watauga,37,189
NC,Wayne,37,191
NC,Wilkes,37,193
NC,Wilson,37,195
NC,Yadkin,37,197
NC,Yancey,37,199
ND,Adams,38,001
ND,Barnes,38,003
ND,Benson,38,005
ND,Billings,38,007
ND,Bottineau,38,009
ND,Bowman,38,011
ND,Burke,38,013
ND,Burleigh,38,015
ND,Cass,38,017
ND,Cavalier,38,019
ND,Dickey,38,021
ND,Divide,38,023
ND,Dunn,38,025
ND,Eddy,38,027
ND,Emmons,38,029
ND,Foster,38,031
ND,Golden Valley,38,033
ND,Grand Forks,38,035
ND,Grant,38,037
ND,Griggs,38,039
ND,Hettinger,38,041
ND,Kidder,38,043
ND,Lamoure,38,045
ND,Logan,38,047
ND,McHenry,38,049
ND,McIntosh,38,051
ND,Mckenzie,38,053
ND,Mclean,38,055
ND,Mercer,38,057
ND,Morton,38,059
ND,Mountrail,38,061
ND,Nelson,38,063
ND,Oliver,38,065
ND,Pembina,38,067
ND,Pierce,38,069
ND,Ramsey,38,071
ND,Ransom,38,073
ND,Renville,38,075
ND,Richland,38,077
ND,Rolette,38,079
ND,Sargent,38,081
ND,Sheridan,38,083
ND,Sioux,38,085
ND,Slope,38,087
ND,Stark,38,089
ND,Steele,38,091
ND,Stutsman,38,093
ND,Towner,38,095
ND,Traill,38,097
ND,Walsh,38,099
ND,Ward,38,101
ND,Wells,38,103
ND,Williams,38,105
OH,Adams,39,001
OH,Allen,39,003
OH,Ashland,39,005
OH,Ashtabula,39,007
OH,Athens,39,009
OH,Auglaize,39,011
OH,Belmont,39,013
OH,Brown,39,015
OH,Butler,39,017
OH,Carroll,39,019
OH,Champaign,39,021
OH,Clark,39,023
OH,Clermont,39,025
OH,Clinton,39,027
OH,Columbiana,39,029
OH,Coshocton,39,031
OH,Crawford,39,033
OH,Cuyahoga,39,035
OH,Darke,39,037
OH,Defiance,39,039
OH,DE,39,041
OH,Erie,39,043
OH,Fairfield,39,045
OH,Fayette,39,047
OH,Franklin,39,049
OH,Fulton,39,051
OH,Gallia,39,053
OH,Geauga,39,055
OH,Greene,39,057
OH,Guernsey,39,059
OH,Hamilton,39,061
OH,Hancock,39,063
OH,Hardin,39,065
OH,Harrison,39,067
OH,Henry,39,069
OH,Highland,39,071
OH,Hocking,39,073
OH,Holmes,39,075
OH,Huron,39,077
OH,Jackson,39,079
OH,Jefferson,39,081
OH,Knox,39,083
OH,Lake,39,085
OH,Lawrence,39,087
OH,Licking,39,089
OH,Logan,39,091
OH,Lorain,39,093
OH,Lucas,39,095
OH,Madison,39,097
OH,Mahoning,39,099
OH,Marion,39,101
OH,Medina,39,103
OH,Meigs,39,105
OH,Mercer,39,107
OH,Miami,39,109
OH,Monroe,39,111
OH,Montgomery,39,113
OH,Morgan,39,115
OH,Morrow,39,117
OH,Muskingum,39,119
OH,Noble,39,121
OH,Ottawa,39,123
OH,Paulding,39,125
OH,Perry,39,127
OH,Pickaway,39,129
OH,Pike,39,131
OH,Portage,39,133
OH,Preble,39,135
OH,Putnam,39,137
OH,Richland,39,139
OH,Ross,39,141
OH,Sandusky,39,143
OH,Scioto,39,145
OH,Seneca,39,147
OH,Shelby,39,149
OH,Stark,39,151
OH,Summit,39,153
OH,Trumbull,39,155
OH,Tuscarawas,39,157
OH,Union,39,159
OH,Van Wert,39,161
OH,Vinton,39,163
OH,Warren,39,165
OH,WA,39,167
OH,Wayne,39,169
OH,Williams,39,171
OH,Wood,39,173
OH,Wyandot,39,175
OK,Adair,40,001
OK,Alfalfa,40,003
OK,Atoka,40,005
OK,Beaver,40,007
OK,Beckham,40,009
OK,Blaine,40,011
OK,Bryan,40,013
OK,Caddo,40,015
OK,Canadian,40,017
OK,Carter,40,019
OK,Cherokee,40,021
OK,Choctaw,40,023
OK,Cimarron,40,025
OK,Cleveland,40,027
OK,Coal,40,029
OK,Comanche,40,031
OK,Cotton,40,033
OK,Craig,40,035
OK,Creek,40,037
OK,Custer,40,039
OK,DE,40,041
OK,Dewey,40,043
OK,Ellis,40,045
OK,Garfield,40,047
OK,Garvin,40,049
OK,Grady,40,051
OK,Grant,40,053
OK,Greer,40,055
OK,Harmon,40,057
OK,Harper,40,059
OK,Haskell,40,061
OK,Hughes,40,063
OK,Jackson,40,065
OK,Jefferson,40,067
OK,Johnston,40,069
OK,Kay,40,071
OK,Kingfisher,40,073
OK,KIA,40,075
OK,Latimer,40,077
OK,Le Flore,40,079
OK,Lincoln,40,081
OK,Logan,40,083
OK,Love,40,085
OK,Mcclain,40,087
OK,McCurtain,40,089
OK,McIntosh,40,091
OK,Major,40,093
OK,Marshall,40,095
OK,Mayes,40,097
OK,Murray,40,099
OK,Muskogee,40,101
OK,Noble,40,103
OK,Nowata,40,105
OK,Okfuskee,40,107
OK,OK,40,109
OK,Okmulgee,40,111
OK,Osage,40,113
OK,Ottawa,40,115
OK,Pawnee,40,117
OK,Payne,40,119
OK,Pittsburg,40,121
OK,Pontotoc,40,123
OK,Pottawatomie,40,125
OK,Pushmataha,40,127
OK,Roger Mills,40,129
OK,Rogers,40,131
OK,Seminole,40,133
OK,Sequoyah,40,135
OK,Stephens,40,137
OK,TX,40,139
OK,Tillman,40,141
OK,Tulsa,40,143
OK,Wagoner,40,145
OK,WA,40,147
OK,Washita,40,149
OK,Woods,40,151
OK,Woodward,40,153
OR,Baker,41,001
OR,Benton,41,003
OR,Clackamas,41,005
OR,Clatsop,41,007
OR,Columbia,41,009
OR,Coos,41,011
OR,Crook,41,013
OR,Curry,41,015
OR,Deschutes,41,017
OR,Douglas,41,019
OR,Gilliam,41,021
OR,Grant,41,023
OR,Harney,41,025
OR,Hood River,41,027
OR,Jackson,41,029
OR,Jefferson,41,031
OR,Josephine,41,033
OR,Klamath,41,035
OR,Lake,41,037
OR,Lane,41,039
OR,Lincoln,41,041
OR,Linn,41,043
OR,Malheur,41,045
OR,Marion,41,047
OR,Morrow,41,049
OR,Multnomah,41,051
OR,Polk,41,053
OR,Sherman,41,055
OR,Tillamook,41,057
OR,Umatilla,41,059
OR,Union,41,061
OR,Wallowa,41,063
OR,Wasco,41,065
OR,WA,41,067
OR,Wheeler,41,069
OR,Yamhill,41,071
PA,Adams,42,001
PA,Allegheny,42,003
PA,Armstrong,42,005
PA,Beaver,42,007
PA,Bedford,42,009
PA,Berks,42,011
PA,Blair,42,013
PA,Bradford,42,015
PA,Bucks,42,017
PA,Butler,42,019
PA,Cambria,42,021
PA,Cameron,42,023
PA,Carbon,42,025
PA,Centre,42,027
PA,Chester,42,029
PA,Clarion,42,031
PA,Clearfield,42,033
PA,Clinton,42,035
PA,Columbia,42,037
PA,Crawford,42,039
PA,Cumberland,42,041
PA,Dauphin,42,043
PA,DE,42,045
PA,Elk,42,047
PA,Erie,42,049
PA,Fayette,42,051
PA,Forest,42,053
PA,Franklin,42,055
PA,Fulton,42,057
PA,Greene,42,059
PA,Huntingdon,42,061
PA,IN,42,063
PA,Jefferson,42,065
PA,Juniata,42,067
PA,Lackawanna,42,069
PA,Lancaster,42,071
PA,Lawrence,42,073
PA,Lebanon,42,075
PA,Lehigh,42,077
PA,Luzerne,42,079
PA,Lycoming,42,081
PA,McKean,42,083
PA,Mercer,42,085
PA,Mifflin,42,087
PA,Monroe,42,089
PA,Montgomery,42,091
PA,Montour,42,093
PA,Northampton,42,095
PA,Northumberland,42,097
PA,Perry,42,099
PA,Philadelphia,42,101
PA,Pike,42,103
PA,Potter,42,105
PA,Schuylkill,42,107
PA,Snyder,42,109
PA,Somerset,42,111
PA,Sullivan,42,113
PA,Susquehanna,42,115
PA,Tioga,42,117
PA,Union,42,119
PA,Venango,42,121
PA,Warren,42,123
PA,WA,42,125
PA,Wayne,42,127
PA,Westmoreland,42,129
PA,WY,42,131
PA,York,42,133
RI,Bristol,44,001
RI,Kent,44,003
RI,Newport,44,005
RI,Providence,44,007
RI,WA,44,009
SC,Abbeville,45,001
SC,Aiken,45,003
SC,Allendale,45,005
SC,Anderson,45,007
SC,Bamberg,45,009
SC,Barnwell,45,011
SC,Beaufort,45,013
SC,Berkeley,45,015
SC,Calhoun,45,017
SC,Charleston,45,019
SC,Cherokee,45,021
SC,Chester,45,023
SC,Chesterfield,45,025
SC,Clarendon,45,027
SC,Colleton,45,029
SC,Darlington,45,031
SC,Dillon,45,033
SC,Dorchester,45,035
SC,Edgefield,45,037
SC,Fairfield,45,039
SC,Florence,45,041
SC,Georgetown,45,043
SC,Greenville,45,045
SC,Greenwood,45,047
SC,Hampton,45,049
SC,Horry,45,051
SC,Jasper,45,053
SC,Kershaw,45,055
SC,Lancaster,45,057
SC,Laurens,45,059
SC,Lee,45,061
SC,Lexington,45,063
SC,McCormick,45,065
SC,Marion,45,067
SC,Marlboro,45,069
SC,Newberry,45,071
SC,Oconee,45,073
SC,Orangeburg,45,075
SC,Pickens,45,077
SC,Richland,45,079
SC,Saluda,45,081
SC,Spartanburg,45,083
SC,Sumter,45,085
SC,Union,45,087
SC,Williamsburg,45,089
SC,York,45,091
SD,Aurora,46,003
SD,Beadle,46,005
SD,Bennett,46,007
SD,Bon Homme,46,009
SD,Brookings,46,011
SD,Brown,46,013
SD,Brule,46,015
SD,Buffalo,46,017
SD,Butte,46,019
SD,Campbell,46,021
SD,Charles Mix,46,023
SD,Clark,46,025
SD,Clay,46,027
SD,Codington,46,029
SD,Corson,46,031
SD,Custer,46,033
SD,Davison,46,035
SD,Day,46,037
SD,Deuel,46,039
SD,Dewey,46,041
SD,Douglas,46,043
SD,Edmunds,46,045
SD,Fall River,46,047
SD,Faulk,46,049
SD,Grant,46,051
SD,Gregory,46,053
SD,Haakon,46,055
SD,Hamlin,46,057
SD,Hand,46,059
SD,Hanson,46,061
SD,Harding,46,063
SD,Hughes,46,065
SD,Hutchinson,46,067
SD,Hyde,46,069
SD,Jackson,46,071
SD,Jerauld,46,073
SD,Jones,46,075
SD,Kingsbury,46,077
SD,Lake,46,079
SD,Lawrence,46,081
SD,Lincoln,46,083
SD,Lyman,46,085
SD,McCook,46,087
SD,McPherson,46,089
SD,Marshall,46,091
SD,Meade,46,093
SD,Mellette,46,095
SD,Miner,46,097
SD,Minnehaha,46,099
SD,Moody,46,101
SD,Pennington,46,103
SD,Perkins,46,105
SD,Potter,46,107
SD,Roberts,46,109
SD,Sanborn,46,111
SD,Shannon,46,113
SD,Spink,46,115
SD,Stanley,46,117
SD,Sully,46,119
SD,Todd,46,121
SD,Tripp,46,123
SD,Turner,46,125
SD,Union,46,127
SD,Walworth,46,129
SD,Yankton,46,135
SD,Ziebach,46,137
TN,Anderson,47,001
TN,Bedford,47,003
TN,Benton,47,005
TN,Bledsoe,47,007
TN,Blount,47,009
TN,Bradley,47,011
TN,Campbell,47,013
TN,Cannon,47,015
TN,Carroll,47,017
TN,Carter,47,019
TN,Cheatham,47,021
TN,Chester,47,023
TN,Claiborne,47,025
TN,Clay,47,027
TN,Cocke,47,029
TN,Coffee,47,031
TN,Crockett,47,033
TN,Cumberland,47,035
TN,Davidson,47,037
TN,Decatur,47,039
TN,Dekalb,47,041
TN,Dickson,47,043
TN,Dyer,47,045
TN,Fayette,47,047
TN,Fentress,47,049
TN,Franklin,47,051
TN,Gibson,47,053
TN,Giles,47,055
TN,Grainger,47,057
TN,Greene,47,059
TN,Grundy,47,061
TN,Hamblen,47,063
TN,Hamilton,47,065
TN,Hancock,47,067
TN,Hardeman,47,069
TN,Hardin,47,071
TN,Hawkins,47,073
TN,Haywood,47,075
TN,Henderson,47,077
TN,Henry,47,079
TN,Hickman,47,081
TN,Houston,47,083
TN,Humphreys,47,085
TN,Jackson,47,087
TN,Jefferson,47,089
TN,Johnson,47,091
TN,Knox,47,093
TN,Lake,47,095
TN,Lauderdale,47,097
TN,Lawrence,47,099
TN,Lewis,47,101
TN,Lincoln,47,103
TN,Loudon,47,105
TN,McMinn,47,107
TN,McNairy,47,109
TN,Macon,47,111
TN,Madison,47,113
TN,Marion,47,115
TN,Marshall,47,117
TN,Maury,47,119
TN,Meigs,47,121
TN,Monroe,47,123
TN,Montgomery,47,125
TN,Moore,47,127
TN,Morgan,47,129
TN,Obion,47,131
TN,Overton,47,133
TN,Perry,47,135
TN,Pickett,47,137
TN,Polk,47,139
TN,Putnam,47,141
TN,Rhea,47,143
TN,Roane,47,145
TN,Robertson,47,147
TN,Rutherford,47,149
TN,Scott,47,151
TN,Sequatchie,47,153
TN,Sevier,47,155
TN,Shelby,47,157
TN,Smith,47,159
TN,Stewart,47,161
TN,Sullivan,47,163
TN,Sumner,47,165
TN,Tipton,47,167
TN,Trousdale,47,169
TN,Unicoi,47,171
TN,Union,47,173
TN,Van Buren,47,175
TN,Warren,47,177
TN,WA,47,179
TN,Wayne,47,181
TN,Weakley,47,183
TN,White,47,185
TN,Williamson,47,187
TN,Wilson,47,189
TX,Anderson,48,001
TX,Andrews,48,003
TX,Angelina,48,005
TX,Aransas,48,007
TX,Archer,48,009
TX,Armstrong,48,011
TX,Atascosa,48,013
TX,Austin,48,015
TX,Bailey,48,017
TX,Bandera,48,019
TX,Bastrop,48,021
TX,Baylor,48,023
TX,Bee,48,025
TX,Bell,48,027
TX,Bexar,48,029
TX,Blanco,48,031
TX,Borden,48,033
TX,Bosque,48,035
TX,Bowie,48,037
TX,Brazoria,48,039
TX,Brazos,48,041
TX,Brewster,48,043
TX,Briscoe,48,045
TX,Brooks,48,047
TX,Brown,48,049
TX,Burleson,48,051
TX,Burnet,48,053
TX,Caldwell,48,055
TX,Calhoun,48,057
TX,Callahan,48,059
TX,Cameron,48,061
TX,Camp,48,063
TX,Carson,48,065
TX,Cass,48,067
TX,Castro,48,069
TX,Chambers,48,071
TX,Cherokee,48,073
TX,Childress,48,075
TX,Clay,48,077
TX,Cochran,48,079
TX,Coke,48,081
TX,Coleman,48,083
TX,Collin,48,085
TX,Collingsworth,48,087
TX,CO,48,089
TX,Comal,48,091
TX,Comanche,48,093
TX,Concho,48,095
TX,Cooke,48,097
TX,Coryell,48,099
TX,Cottle,48,101
TX,Crane,48,103
TX,Crockett,48,105
TX,Crosby,48,107
TX,Culberson,48,109
TX,Dallam,48,111
TX,Dallas,48,113
TX,Dawson,48,115
TX,Deaf Smith,48,117
TX,Delta,48,119
TX,Denton,48,121
TX,De Witt,48,123
TX,Dickens,48,125
TX,Dimmit,48,127
TX,Donley,48,129
TX,Duval,48,131
TX,Eastland,48,133
TX,Ector,48,135
TX,Edwards,48,137
TX,Ellis,48,139
TX,El Paso,48,141
TX,Erath,48,143
TX,Falls,48,145
TX,Fannin,48,147
TX,Fayette,48,149
TX,Fisher,48,151
TX,Floyd,48,153
TX,Foard,48,155
TX,Fort Bend,48,157
TX,Franklin,48,159
TX,Freestone,48,161
TX,Frio,48,163
TX,Gaines,48,165
TX,Galveston,48,167
TX,Garza,48,169
TX,Gillespie,48,171
TX,Glasscock,48,173
TX,Goliad,48,175
TX,Gonzales,48,177
TX,Gray,48,179
TX,Grayson,48,181
TX,Gregg,48,183
TX,Grimes,48,185
TX,Guadalupe,48,187
TX,Hale,48,189
TX,Hall,48,191
TX,Hamilton,48,193
TX,Hansford,48,195
TX,Hardeman,48,197
TX,Hardin,48,199
TX,Harris,48,201
TX,Harrison,48,203
TX,Hartley,48,205
TX,Haskell,48,207
TX,Hays,48,209
TX,Hemphill,48,211
TX,Henderson,48,213
TX,Hidalgo,48,215
TX,Hill,48,217
TX,Hockley,48,219
TX,Hood,48,221
TX,Hopkins,48,223
TX,Houston,48,225
TX,Howard,48,227
TX,Hudspeth,48,229
TX,Hunt,48,231
TX,Hutchinson,48,233
TX,Irion,48,235
TX,Jack,48,237
TX,Jackson,48,239
TX,Jasper,48,241
TX,Jeff Davis,48,243
TX,Jefferson,48,245
TX,Jim Hogg,48,247
TX,Jim Wells,48,249
TX,Johnson,48,251
TX,Jones,48,253
TX,Karnes,48,255
TX,Kaufman,48,257
TX,Kendall,48,259
TX,Kenedy,48,261
TX,Kent,48,263
TX,Kerr,48,265
TX,Kimble,48,267
TX,King,48,269
TX,Kinney,48,271
TX,Kleberg,48,273
TX,Knox,48,275
TX,Lamar,48,277
TX,Lamb,48,279
TX,Lampasas,48,281
TX,La Salle,48,283
TX,Lavaca,48,285
TX,Lee,48,287
TX,Leon,48,289
TX,Liberty,48,291
TX,Limestone,48,293
TX,Lipscomb,48,295
TX,Live Oak,48,297
TX,Llano,48,299
TX,Loving,48,301
TX,Lubbock,48,303
TX,Lynn,48,305
TX,McCulloch,48,307
TX,McLennan,48,309
TX,McMullen,48,311
TX,Madison,48,313
TX,Marion,48,315
TX,Martin,48,317
TX,Mason,48,319
TX,Matagorda,48,321
TX,Maverick,48,323
TX,Medina,48,325
TX,Menard,48,327
TX,Midland,48,329
TX,Milam,48,331
TX,Mills,48,333
TX,Mitchell,48,335
TX,Montague,48,337
TX,Montgomery,48,339
TX,Moore,48,341
TX,Morris,48,343
TX,Motley,48,345
TX,Nacogdoches,48,347
TX,Navarro,48,349
TX,Newton,48,351
TX,Nolan,48,353
TX,Nueces,48,355
TX,Ochiltree,48,357
TX,Oldham,48,359
TX,Orange,48,361
TX,Palo Pinto,48,363
TX,Panola,48,365
TX,Parker,48,367
TX,Parmer,48,369
TX,Pecos,48,371
TX,Polk,48,373
TX,Potter,48,375
TX,Presidio,48,377
TX,Rains,48,379
TX,Randall,48,381
TX,Reagan,48,383
TX,Real,48,385
TX,Red River,48,387
TX,Reeves,48,389
TX,Refugio,48,391
TX,Roberts,48,393
TX,Robertson,48,395
TX,Rockwall,48,397
TX,Runnels,48,399
TX,Rusk,48,401
TX,Sabine,48,403
TX,San Augustine,48,405
TX,San Jacinto,48,407
TX,San Patricio,48,409
TX,San Saba,48,411
TX,Schleicher,48,413
TX,Scurry,48,415
TX,Shackelford,48,417
TX,Shelby,48,419
TX,Sherman,48,421
TX,Smith,48,423
TX,Somervell,48,425
TX,Starr,48,427
TX,Stephens,48,429
TX,Sterling,48,431
TX,Stonewall,48,433
TX,Sutton,48,435
TX,Swisher,48,437
TX,Tarrant,48,439
TX,Taylor,48,441
TX,Terrell,48,443
TX,Terry,48,445
TX,Throckmorton,48,447
TX,Titus,48,449
TX,Tom Green,48,451
TX,Travis,48,453
TX,Trinity,48,455
TX,Tyler,48,457
TX,Upshur,48,459
TX,Upton,48,461
TX,Uvalde,48,463
TX,Val Verde,48,465
TX,Van Zandt,48,467
TX,Victoria,48,469
TX,Walker,48,471
TX,Waller,48,473
TX,Ward,48,475
TX,WA,48,477
TX,Webb,48,479
TX,Wharton,48,481
TX,Wheeler,48,483
TX,Wichita,48,485
TX,Wilbarger,48,487
TX,Willacy,48,489
TX,Williamson,48,491
TX,Wilson,48,493
TX,Winkler,48,495
TX,Wise,48,497
TX,Wood,48,499
TX,Yoakum,48,501
TX,Young,48,503
TX,Zapata,48,505
TX,Zavala,48,507
UT,Beaver,49,001
UT,Box Elder,49,003
UT,Cache,49,005
UT,Carbon,49,007
UT,Daggett,49,009
UT,Davis,49,011
UT,Duchesne,49,013
UT,Emery,49,015
UT,Garfield,49,017
UT,Grand,49,019
UT,Iron,49,021
UT,Juab,49,023
UT,Kane,49,025
UT,Millard,49,027
UT,Morgan,49,029
UT,Piute,49,031
UT,Rich,49,033
UT,Salt Lake,49,035
UT,San Juan,49,037
UT,Sanpete,49,039
UT,Sevier,49,041
UT,Summit,49,043
UT,Tooele,49,045
UT,Uintah,49,047
UT,UT,49,049
UT,Wasatch,49,051
UT,WA,49,053
UT,Wayne,49,055
UT,Weber,49,057
VT,Addison,50,001
VT,Bennington,50,003
VT,Caledonia,50,005
VT,Chittenden,50,007
VT,Essex,50,009
VT,Franklin,50,011
VT,Grand Isle,50,013
VT,Lamoille,50,015
VT,Orange,50,017
VT,Orleans,50,019
VT,Rutland,50,021
VT,WA,50,023
VT,Windham,50,025
VT,Windsor,50,027
VA,Accomack,51,001
VA,Albemarle,51,003
VA,Alleghany,51,005
VA,Amelia,51,007
VA,Amherst,51,009
VA,Appomattox,51,011
VA,Arlington,51,013
VA,Augusta,51,015
VA,Bath,51,017
VA,Bedford,51,019
VA,Bland,51,021
VA,Botetourt,51,023
VA,Brunswick,51,025
VA,Buchanan,51,027
VA,Buckingham,51,029
VA,Campbell,51,031
VA,Caroline,51,033
VA,Carroll,51,035
VA,Charles City,51,036
VA,Charlotte,51,037
VA,Chesterfield,51,041
VA,Clarke,51,043
VA,Craig,51,045
VA,Culpeper,51,047
VA,Cumberland,51,049
VA,Dickenson,51,051
VA,Dinwiddie,51,053
VA,Essex,51,057
VA,Fairfax,51,059
VA,Fauquier,51,061
VA,Floyd,51,063
VA,Fluvanna,51,065
VA,Franklin,51,067
VA,Frederick,51,069
VA,Giles,51,071
VA,Gloucester,51,073
VA,Goochland,51,075
VA,Grayson,51,077
VA,Greene,51,079
VA,Greensville,51,081
VA,Halifax,51,083
VA,Hanover,51,085
VA,Henrico,51,087
VA,Henry,51,089
VA,Highland,51,091
VA,Isle of Wight,51,093
VA,James City,51,095
VA,King and Queen,51,097
VA,King George,51,099
VA,King William,51,101
VA,Lancaster,51,103
VA,Lee,51,105
VA,Loudoun,51,107
VA,Louisa,51,109
VA,Lunenburg,51,111
VA,Madison,51,113
VA,Mathews,51,115
VA,Mecklenburg,51,117
VA,Middlesex,51,119
VA,Montgomery,51,121
VA,Nelson,51,125
VA,New Kent,51,127
VA,Northampton,51,131
VA,Northumberland,51,133
VA,Nottoway,51,135
VA,Orange,51,137
VA,Page,51,139
VA,Patrick,51,141
VA,Pittsylvania,51,143
VA,Powhatan,51,145
VA,Prince Edward,51,147
VA,Prince George,51,149
VA,Prince William,51,153
VA,Pulaski,51,155
VA,Rappahannock,51,157
VA,Richmond,51,159
VA,Roanoke,51,161
VA,Rockbridge,51,163
VA,Rockingham,51,165
VA,Russell,51,167
VA,Scott,51,169
VA,Shenandoah,51,171
VA,Smyth,51,173
VA,Southampton,51,175
VA,Spotsylvania,51,177
VA,Stafford,51,179
VA,Surry,51,181
VA,Sussex,51,183
VA,Tazewell,51,185
VA,Warren,51,187
VA,WA,51,191
VA,Westmoreland,51,193
VA,Wise,51,195
VA,Wythe,51,197
VA,York,51,199
VA,Alexandria City,51,510
VA,Bedford City,51,515
VA,Bristol City,51,520
VA,Buena Vista City,51,530
VA,Charlottesville City,51,540
VA,Chesapeake City,51,550
VA,Clifton Forge City,51,560
VA,Colonial Heights City,51,570
VA,Covington City,51,580
VA,Danville City,51,590
VA,Emporia City,51,595
VA,Fairfax City,51,600
VA,Falls Church City,51,610
VA,Franklin City,51,620
VA,Fredericksburg City,51,630
VA,Galax City,51,640
VA,Hampton City,51,650
VA,Harrisonburg City,51,660
VA,Hopewell City,51,670
VA,Lexington City,51,678
VA,Lynchburg City,51,680
VA,Manassas City,51,683
VA,Manassas Park City,51,685
VA,Martinsville City,51,690
VA,Newport News City,51,700
VA,Norfolk City,51,710
VA,Norton City,51,720
VA,Petersburg City,51,730
VA,Poquoson City,51,735
VA,Portsmouth City,51,740
VA,Radford,51,750
VA,Richmond City,51,760
VA,Roanoke City,51,770
VA,Salem City,51,775
VA,South Boston City,51,780
VA,Staunton City,51,790
VA,Suffolk City,51,800
VA,VA Beach City,51,810
VA,Waynesboro City,51,820
VA,Williamsburg City,51,830
VA,Winchester City,51,840
WA,Adams,53,001
WA,Asotin,53,003
WA,Benton,53,005
WA,Chelan,53,007
WA,Clallam,53,009
WA,Clark,53,011
WA,Columbia,53,013
WA,Cowlitz,53,015
WA,Douglas,53,017
WA,Ferry,53,019
WA,Franklin,53,021
WA,Garfield,53,023
WA,Grant,53,025
WA,Grays Harbor,53,027
WA,Island,53,029
WA,Jefferson,53,031
WA,King,53,033
WA,Kitsap,53,035
WA,Kittitas,53,037
WA,Klickitat,53,039
WA,Lewis,53,041
WA,Lincoln,53,043
WA,Mason,53,045
WA,Okanogan,53,047
WA,Pacific,53,049
WA,Pend Oreille,53,051
WA,Pierce,53,053
WA,San Juan,53,055
WA,Skagit,53,057
WA,Skamania,53,059
WA,Snohomish,53,061
WA,Spokane,53,063
WA,Stevens,53,065
WA,Thurston,53,067
WA,Wahkiakum,53,069
WA,Walla Walla,53,071
WA,Whatcom,53,073
WA,Whitman,53,075
WA,Yakima,53,077
WV,Barbour,54,001
WV,Berkeley,54,003
WV,Boone,54,005
WV,Braxton,54,007
WV,Brooke,54,009
WV,Cabell,54,011
WV,Calhoun,54,013
WV,Clay,54,015
WV,Doddridge,54,017
WV,Fayette,54,019
WV,Gilmer,54,021
WV,Grant,54,023
WV,Greenbrier,54,025
WV,Hampshire,54,027
WV,Hancock,54,029
WV,Hardy,54,031
WV,Harrison,54,033
WV,Jackson,54,035
WV,Jefferson,54,037
WV,Kanawha,54,039
WV,Lewis,54,041
WV,Lincoln,54,043
WV,Logan,54,045
WV,McDowell,54,047
WV,Marion,54,049
WV,Marshall,54,051
WV,Mason,54,053
WV,Mercer,54,055
WV,Mineral,54,057
WV,Mingo,54,059
WV,Monongalia,54,061
WV,Monroe,54,063
WV,Morgan,54,065
WV,Nicholas,54,067
WV,OH,54,069
WV,Pendleton,54,071
WV,Pleasants,54,073
WV,Pocahontas,54,075
WV,Preston,54,077
WV,Putnam,54,079
WV,Raleigh,54,081
WV,Randolph,54,083
WV,Ritchie,54,085
WV,Roane,54,087
WV,Summers,54,089
WV,Taylor,54,091
WV,Tucker,54,093
WV,Tyler,54,095
WV,Upshur,54,097
WV,Wayne,54,099
WV,Webster,54,101
WV,Wetzel,54,103
WV,Wirt,54,105
WV,Wood,54,107
WV,WY,54,109
WI,Adams,55,001
WI,Ashland,55,003
WI,Barron,55,005
WI,Bayfield,55,007
WI,Brown,55,009
WI,Buffalo,55,011
WI,Burnett,55,013
WI,Calumet,55,015
WI,Chippewa,55,017
WI,Clark,55,019
WI,Columbia,55,021
WI,Crawford,55,023
WI,Dane,55,025
WI,Dodge,55,027
WI,Door,55,029
WI,Douglas,55,031
WI,Dunn,55,033
WI,Eau Claire,55,035
WI,Florence,55,037
WI,Fond Du Lac,55,039
WI,Forest,55,041
WI,Grant,55,043
WI,Green,55,045
WI,Green Lake,55,047
WI,IA,55,049
WI,Iron,55,051
WI,Jackson,55,053
WI,Jefferson,55,055
WI,Juneau,55,057
WI,Kenosha,55,059
WI,Kewaunee,55,061
WI,La Crosse,55,063
WI,Lafayette,55,065
WI,Langlade,55,067
WI,Lincoln,55,069
WI,Manitowoc,55,071
WI,Marathon,55,073
WI,Marinette,55,075
WI,Marquette,55,077
WI,Menominee,55,078
WI,Milwaukee,55,079
WI,Monroe,55,081
WI,Oconto,55,083
WI,Oneida,55,085
WI,Outagamie,55,087
WI,Ozaukee,55,089
WI,Pepin,55,091
WI,Pierce,55,093
WI,Polk,55,095
WI,Portage,55,097
WI,Price,55,099
WI,Racine,55,101
WI,Richland,55,103
WI,Rock,55,105
WI,Rusk,55,107
WI,St Croix,55,109
WI,Sauk,55,111
WI,Sawyer,55,113
WI,Shawano,55,115
WI,Sheboygan,55,117
WI,Taylor,55,119
WI,Trempealeau,55,121
WI,Vernon,55,123
WI,Vilas,55,125
WI,Walworth,55,127
WI,Washburn,55,129
WI,WA,55,131
WI,Waukesha,55,133
WI,Waupaca,55,135
WI,Waushara,55,137
WI,Winnebago,55,139
WI,Wood,55,141
WY,Albany,56,001
WY,Big Horn,56,003
WY,Campbell,56,005
WY,Carbon,56,007
WY,Converse,56,009
WY,Crook,56,011
WY,Fremont,56,013
WY,Goshen,56,015
WY,Hot Springs,56,017
WY,Johnson,56,019
WY,Laramie,56,021
WY,Lincoln,56,023
WY,Natrona,56,025
WY,Niobrara,56,027
WY,Park,56,029
WY,Platte,56,031
WY,Sheridan,56,033
WY,Sublette,56,035
WY,Sweetwater,56,037
WY,Teton,56,039
WY,Uinta,56,041
WY,Washakie,56,043
WY,Weston,56,045